Combination,Feature,Percentage,Algorithm,FeatureSet,TranslatedFeatureSet,MAE,MAPE
combination_1_ABCD,A,10,KNN,A,δ13C coll,inf,inf
combination_1_ABCD,A,10,SVM,A,δ13C coll,inf,inf
combination_1_ABCD,A,10,RandomForest,A,δ13C coll,inf,inf
combination_1_ABCD,A,10,RandomForest_MICE,A,δ13C coll,inf,inf
combination_1_ABCD,A,10,HybridKNN_RF,A,δ13C coll,inf,inf
combination_1_ABCD,A,10,KNN,AB,δ13C coll_δ15N coll,inf,inf
combination_1_ABCD,A,10,SVM,AB,δ13C coll_δ15N coll,inf,inf
combination_1_ABCD,A,10,RandomForest,AB,δ13C coll_δ15N coll,inf,inf
combination_1_ABCD,A,10,RandomForest_MICE,AB,δ13C coll_δ15N coll,inf,inf
combination_1_ABCD,A,10,HybridKNN_RF,AB,δ13C coll_δ15N coll,inf,inf
combination_1_ABCD,A,10,KNN,AC,δ13C coll_δ13C carb,inf,inf
combination_1_ABCD,A,10,SVM,AC,δ13C coll_δ13C carb,inf,inf
combination_1_ABCD,A,10,RandomForest,AC,δ13C coll_δ13C carb,inf,inf
combination_1_ABCD,A,10,RandomForest_MICE,AC,δ13C coll_δ13C carb,inf,inf
combination_1_ABCD,A,10,HybridKNN_RF,AC,δ13C coll_δ13C carb,inf,inf
combination_1_ABCD,A,10,KNN,AD,δ13C coll_δ18O carb,inf,inf
combination_1_ABCD,A,10,SVM,AD,δ13C coll_δ18O carb,inf,inf
combination_1_ABCD,A,10,RandomForest,AD,δ13C coll_δ18O carb,inf,inf
combination_1_ABCD,A,10,RandomForest_MICE,AD,δ13C coll_δ18O carb,inf,inf
combination_1_ABCD,A,10,HybridKNN_RF,AD,δ13C coll_δ18O carb,inf,inf
combination_1_ABCD,A,10,KNN,ABC,δ13C coll_δ15N coll_δ13C carb,inf,inf
combination_1_ABCD,A,10,SVM,ABC,δ13C coll_δ15N coll_δ13C carb,inf,inf
combination_1_ABCD,A,10,RandomForest,ABC,δ13C coll_δ15N coll_δ13C carb,inf,inf
combination_1_ABCD,A,10,RandomForest_MICE,ABC,δ13C coll_δ15N coll_δ13C carb,inf,inf
combination_1_ABCD,A,10,HybridKNN_RF,ABC,δ13C coll_δ15N coll_δ13C carb,inf,inf
combination_1_ABCD,A,10,KNN,ABD,δ13C coll_δ15N coll_δ18O carb,inf,inf
combination_1_ABCD,A,10,SVM,ABD,δ13C coll_δ15N coll_δ18O carb,inf,inf
combination_1_ABCD,A,10,RandomForest,ABD,δ13C coll_δ15N coll_δ18O carb,inf,inf
combination_1_ABCD,A,10,RandomForest_MICE,ABD,δ13C coll_δ15N coll_δ18O carb,inf,inf
combination_1_ABCD,A,10,HybridKNN_RF,ABD,δ13C coll_δ15N coll_δ18O carb,inf,inf
combination_1_ABCD,A,10,KNN,ACD,δ13C coll_δ13C carb_δ18O carb,inf,inf
combination_1_ABCD,A,10,SVM,ACD,δ13C coll_δ13C carb_δ18O carb,inf,inf
combination_1_ABCD,A,10,RandomForest,ACD,δ13C coll_δ13C carb_δ18O carb,inf,inf
combination_1_ABCD,A,10,RandomForest_MICE,ACD,δ13C coll_δ13C carb_δ18O carb,inf,inf
combination_1_ABCD,A,10,HybridKNN_RF,ACD,δ13C coll_δ13C carb_δ18O carb,inf,inf
combination_1_ABCD,A,10,KNN,ABCD,δ13C coll_δ15N coll_δ13C carb_δ18O carb,inf,inf
combination_1_ABCD,A,10,SVM,ABCD,δ13C coll_δ15N coll_δ13C carb_δ18O carb,inf,inf
combination_1_ABCD,A,10,RandomForest,ABCD,δ13C coll_δ15N coll_δ13C carb_δ18O carb,inf,inf
combination_1_ABCD,A,10,RandomForest_MICE,ABCD,δ13C coll_δ15N coll_δ13C carb_δ18O carb,inf,inf
combination_1_ABCD,A,10,HybridKNN_RF,ABCD,δ13C coll_δ15N coll_δ13C carb_δ18O carb,inf,inf
combination_1_ABCD,A,15,KNN,A,δ13C coll,inf,inf
combination_1_ABCD,A,15,SVM,A,δ13C coll,inf,inf
combination_1_ABCD,A,15,RandomForest,A,δ13C coll,inf,inf
combination_1_ABCD,A,15,RandomForest_MICE,A,δ13C coll,inf,inf
combination_1_ABCD,A,15,HybridKNN_RF,A,δ13C coll,inf,inf
combination_1_ABCD,A,15,KNN,AB,δ13C coll_δ15N coll,inf,inf
combination_1_ABCD,A,15,SVM,AB,δ13C coll_δ15N coll,inf,inf
combination_1_ABCD,A,15,RandomForest,AB,δ13C coll_δ15N coll,inf,inf
combination_1_ABCD,A,15,RandomForest_MICE,AB,δ13C coll_δ15N coll,inf,inf
combination_1_ABCD,A,15,HybridKNN_RF,AB,δ13C coll_δ15N coll,inf,inf
combination_1_ABCD,A,15,KNN,AC,δ13C coll_δ13C carb,inf,inf
combination_1_ABCD,A,15,SVM,AC,δ13C coll_δ13C carb,inf,inf
combination_1_ABCD,A,15,RandomForest,AC,δ13C coll_δ13C carb,inf,inf
combination_1_ABCD,A,15,RandomForest_MICE,AC,δ13C coll_δ13C carb,inf,inf
combination_1_ABCD,A,15,HybridKNN_RF,AC,δ13C coll_δ13C carb,inf,inf
combination_1_ABCD,A,15,KNN,AD,δ13C coll_δ18O carb,inf,inf
combination_1_ABCD,A,15,SVM,AD,δ13C coll_δ18O carb,inf,inf
combination_1_ABCD,A,15,RandomForest,AD,δ13C coll_δ18O carb,inf,inf
combination_1_ABCD,A,15,RandomForest_MICE,AD,δ13C coll_δ18O carb,inf,inf
combination_1_ABCD,A,15,HybridKNN_RF,AD,δ13C coll_δ18O carb,inf,inf
combination_1_ABCD,A,15,KNN,ABC,δ13C coll_δ15N coll_δ13C carb,inf,inf
combination_1_ABCD,A,15,SVM,ABC,δ13C coll_δ15N coll_δ13C carb,inf,inf
combination_1_ABCD,A,15,RandomForest,ABC,δ13C coll_δ15N coll_δ13C carb,inf,inf
combination_1_ABCD,A,15,RandomForest_MICE,ABC,δ13C coll_δ15N coll_δ13C carb,inf,inf
combination_1_ABCD,A,15,HybridKNN_RF,ABC,δ13C coll_δ15N coll_δ13C carb,inf,inf
combination_1_ABCD,A,15,KNN,ABD,δ13C coll_δ15N coll_δ18O carb,inf,inf
combination_1_ABCD,A,15,SVM,ABD,δ13C coll_δ15N coll_δ18O carb,inf,inf
combination_1_ABCD,A,15,RandomForest,ABD,δ13C coll_δ15N coll_δ18O carb,inf,inf
combination_1_ABCD,A,15,RandomForest_MICE,ABD,δ13C coll_δ15N coll_δ18O carb,inf,inf
combination_1_ABCD,A,15,HybridKNN_RF,ABD,δ13C coll_δ15N coll_δ18O carb,inf,inf
combination_1_ABCD,A,15,KNN,ACD,δ13C coll_δ13C carb_δ18O carb,inf,inf
combination_1_ABCD,A,15,SVM,ACD,δ13C coll_δ13C carb_δ18O carb,inf,inf
combination_1_ABCD,A,15,RandomForest,ACD,δ13C coll_δ13C carb_δ18O carb,inf,inf
combination_1_ABCD,A,15,RandomForest_MICE,ACD,δ13C coll_δ13C carb_δ18O carb,inf,inf
combination_1_ABCD,A,15,HybridKNN_RF,ACD,δ13C coll_δ13C carb_δ18O carb,inf,inf
combination_1_ABCD,A,15,KNN,ABCD,δ13C coll_δ15N coll_δ13C carb_δ18O carb,inf,inf
combination_1_ABCD,A,15,SVM,ABCD,δ13C coll_δ15N coll_δ13C carb_δ18O carb,inf,inf
combination_1_ABCD,A,15,RandomForest,ABCD,δ13C coll_δ15N coll_δ13C carb_δ18O carb,inf,inf
combination_1_ABCD,A,15,RandomForest_MICE,ABCD,δ13C coll_δ15N coll_δ13C carb_δ18O carb,inf,inf
combination_1_ABCD,A,15,HybridKNN_RF,ABCD,δ13C coll_δ15N coll_δ13C carb_δ18O carb,inf,inf
combination_1_ABCD,A,20,KNN,A,δ13C coll,inf,inf
combination_1_ABCD,A,20,SVM,A,δ13C coll,inf,inf
combination_1_ABCD,A,20,RandomForest,A,δ13C coll,inf,inf
combination_1_ABCD,A,20,RandomForest_MICE,A,δ13C coll,inf,inf
combination_1_ABCD,A,20,HybridKNN_RF,A,δ13C coll,inf,inf
combination_1_ABCD,A,20,KNN,AB,δ13C coll_δ15N coll,inf,inf
combination_1_ABCD,A,20,SVM,AB,δ13C coll_δ15N coll,inf,inf
combination_1_ABCD,A,20,RandomForest,AB,δ13C coll_δ15N coll,inf,inf
combination_1_ABCD,A,20,RandomForest_MICE,AB,δ13C coll_δ15N coll,inf,inf
combination_1_ABCD,A,20,HybridKNN_RF,AB,δ13C coll_δ15N coll,inf,inf
combination_1_ABCD,A,20,KNN,AC,δ13C coll_δ13C carb,inf,inf
combination_1_ABCD,A,20,SVM,AC,δ13C coll_δ13C carb,inf,inf
combination_1_ABCD,A,20,RandomForest,AC,δ13C coll_δ13C carb,inf,inf
combination_1_ABCD,A,20,RandomForest_MICE,AC,δ13C coll_δ13C carb,inf,inf
combination_1_ABCD,A,20,HybridKNN_RF,AC,δ13C coll_δ13C carb,inf,inf
combination_1_ABCD,A,20,KNN,AD,δ13C coll_δ18O carb,inf,inf
combination_1_ABCD,A,20,SVM,AD,δ13C coll_δ18O carb,inf,inf
combination_1_ABCD,A,20,RandomForest,AD,δ13C coll_δ18O carb,inf,inf
combination_1_ABCD,A,20,RandomForest_MICE,AD,δ13C coll_δ18O carb,inf,inf
combination_1_ABCD,A,20,HybridKNN_RF,AD,δ13C coll_δ18O carb,inf,inf
combination_1_ABCD,A,20,KNN,ABC,δ13C coll_δ15N coll_δ13C carb,inf,inf
combination_1_ABCD,A,20,SVM,ABC,δ13C coll_δ15N coll_δ13C carb,inf,inf
combination_1_ABCD,A,20,RandomForest,ABC,δ13C coll_δ15N coll_δ13C carb,inf,inf
combination_1_ABCD,A,20,RandomForest_MICE,ABC,δ13C coll_δ15N coll_δ13C carb,inf,inf
combination_1_ABCD,A,20,HybridKNN_RF,ABC,δ13C coll_δ15N coll_δ13C carb,inf,inf
combination_1_ABCD,A,20,KNN,ABD,δ13C coll_δ15N coll_δ18O carb,inf,inf
combination_1_ABCD,A,20,SVM,ABD,δ13C coll_δ15N coll_δ18O carb,inf,inf
combination_1_ABCD,A,20,RandomForest,ABD,δ13C coll_δ15N coll_δ18O carb,inf,inf
combination_1_ABCD,A,20,RandomForest_MICE,ABD,δ13C coll_δ15N coll_δ18O carb,inf,inf
combination_1_ABCD,A,20,HybridKNN_RF,ABD,δ13C coll_δ15N coll_δ18O carb,inf,inf
combination_1_ABCD,A,20,KNN,ACD,δ13C coll_δ13C carb_δ18O carb,inf,inf
combination_1_ABCD,A,20,SVM,ACD,δ13C coll_δ13C carb_δ18O carb,inf,inf
combination_1_ABCD,A,20,RandomForest,ACD,δ13C coll_δ13C carb_δ18O carb,inf,inf
combination_1_ABCD,A,20,RandomForest_MICE,ACD,δ13C coll_δ13C carb_δ18O carb,inf,inf
combination_1_ABCD,A,20,HybridKNN_RF,ACD,δ13C coll_δ13C carb_δ18O carb,inf,inf
combination_1_ABCD,A,20,KNN,ABCD,δ13C coll_δ15N coll_δ13C carb_δ18O carb,inf,inf
combination_1_ABCD,A,20,SVM,ABCD,δ13C coll_δ15N coll_δ13C carb_δ18O carb,inf,inf
combination_1_ABCD,A,20,RandomForest,ABCD,δ13C coll_δ15N coll_δ13C carb_δ18O carb,inf,inf
combination_1_ABCD,A,20,RandomForest_MICE,ABCD,δ13C coll_δ15N coll_δ13C carb_δ18O carb,inf,inf
combination_1_ABCD,A,20,HybridKNN_RF,ABCD,δ13C coll_δ15N coll_δ13C carb_δ18O carb,inf,inf
combination_1_ABCD,B,10,KNN,B,δ15N coll,inf,inf
combination_1_ABCD,B,10,SVM,B,δ15N coll,inf,inf
combination_1_ABCD,B,10,RandomForest,B,δ15N coll,inf,inf
combination_1_ABCD,B,10,RandomForest_MICE,B,δ15N coll,inf,inf
combination_1_ABCD,B,10,HybridKNN_RF,B,δ15N coll,inf,inf
combination_1_ABCD,B,10,KNN,AB,δ13C coll_δ15N coll,inf,inf
combination_1_ABCD,B,10,SVM,AB,δ13C coll_δ15N coll,inf,inf
combination_1_ABCD,B,10,RandomForest,AB,δ13C coll_δ15N coll,inf,inf
combination_1_ABCD,B,10,RandomForest_MICE,AB,δ13C coll_δ15N coll,inf,inf
combination_1_ABCD,B,10,HybridKNN_RF,AB,δ13C coll_δ15N coll,inf,inf
combination_1_ABCD,B,10,KNN,BC,δ15N coll_δ13C carb,inf,inf
combination_1_ABCD,B,10,SVM,BC,δ15N coll_δ13C carb,inf,inf
combination_1_ABCD,B,10,RandomForest,BC,δ15N coll_δ13C carb,inf,inf
combination_1_ABCD,B,10,RandomForest_MICE,BC,δ15N coll_δ13C carb,inf,inf
combination_1_ABCD,B,10,HybridKNN_RF,BC,δ15N coll_δ13C carb,inf,inf
combination_1_ABCD,B,10,KNN,BD,δ15N coll_δ18O carb,inf,inf
combination_1_ABCD,B,10,SVM,BD,δ15N coll_δ18O carb,inf,inf
combination_1_ABCD,B,10,RandomForest,BD,δ15N coll_δ18O carb,inf,inf
combination_1_ABCD,B,10,RandomForest_MICE,BD,δ15N coll_δ18O carb,inf,inf
combination_1_ABCD,B,10,HybridKNN_RF,BD,δ15N coll_δ18O carb,inf,inf
combination_1_ABCD,B,10,KNN,ABC,δ13C coll_δ15N coll_δ13C carb,inf,inf
combination_1_ABCD,B,10,SVM,ABC,δ13C coll_δ15N coll_δ13C carb,inf,inf
combination_1_ABCD,B,10,RandomForest,ABC,δ13C coll_δ15N coll_δ13C carb,inf,inf
combination_1_ABCD,B,10,RandomForest_MICE,ABC,δ13C coll_δ15N coll_δ13C carb,inf,inf
combination_1_ABCD,B,10,HybridKNN_RF,ABC,δ13C coll_δ15N coll_δ13C carb,inf,inf
combination_1_ABCD,B,10,KNN,ABD,δ13C coll_δ15N coll_δ18O carb,inf,inf
combination_1_ABCD,B,10,SVM,ABD,δ13C coll_δ15N coll_δ18O carb,inf,inf
combination_1_ABCD,B,10,RandomForest,ABD,δ13C coll_δ15N coll_δ18O carb,inf,inf
combination_1_ABCD,B,10,RandomForest_MICE,ABD,δ13C coll_δ15N coll_δ18O carb,inf,inf
combination_1_ABCD,B,10,HybridKNN_RF,ABD,δ13C coll_δ15N coll_δ18O carb,inf,inf
combination_1_ABCD,B,10,KNN,BCD,δ15N coll_δ13C carb_δ18O carb,inf,inf
combination_1_ABCD,B,10,SVM,BCD,δ15N coll_δ13C carb_δ18O carb,inf,inf
combination_1_ABCD,B,10,RandomForest,BCD,δ15N coll_δ13C carb_δ18O carb,inf,inf
combination_1_ABCD,B,10,RandomForest_MICE,BCD,δ15N coll_δ13C carb_δ18O carb,inf,inf
combination_1_ABCD,B,10,HybridKNN_RF,BCD,δ15N coll_δ13C carb_δ18O carb,inf,inf
combination_1_ABCD,B,10,KNN,ABCD,δ13C coll_δ15N coll_δ13C carb_δ18O carb,inf,inf
combination_1_ABCD,B,10,SVM,ABCD,δ13C coll_δ15N coll_δ13C carb_δ18O carb,inf,inf
combination_1_ABCD,B,10,RandomForest,ABCD,δ13C coll_δ15N coll_δ13C carb_δ18O carb,inf,inf
combination_1_ABCD,B,10,RandomForest_MICE,ABCD,δ13C coll_δ15N coll_δ13C carb_δ18O carb,inf,inf
combination_1_ABCD,B,10,HybridKNN_RF,ABCD,δ13C coll_δ15N coll_δ13C carb_δ18O carb,inf,inf
combination_1_ABCD,B,15,KNN,B,δ15N coll,inf,inf
combination_1_ABCD,B,15,SVM,B,δ15N coll,inf,inf
combination_1_ABCD,B,15,RandomForest,B,δ15N coll,inf,inf
combination_1_ABCD,B,15,RandomForest_MICE,B,δ15N coll,inf,inf
combination_1_ABCD,B,15,HybridKNN_RF,B,δ15N coll,inf,inf
combination_1_ABCD,B,15,KNN,AB,δ13C coll_δ15N coll,inf,inf
combination_1_ABCD,B,15,SVM,AB,δ13C coll_δ15N coll,inf,inf
combination_1_ABCD,B,15,RandomForest,AB,δ13C coll_δ15N coll,inf,inf
combination_1_ABCD,B,15,RandomForest_MICE,AB,δ13C coll_δ15N coll,inf,inf
combination_1_ABCD,B,15,HybridKNN_RF,AB,δ13C coll_δ15N coll,inf,inf
combination_1_ABCD,B,15,KNN,BC,δ15N coll_δ13C carb,inf,inf
combination_1_ABCD,B,15,SVM,BC,δ15N coll_δ13C carb,inf,inf
combination_1_ABCD,B,15,RandomForest,BC,δ15N coll_δ13C carb,inf,inf
combination_1_ABCD,B,15,RandomForest_MICE,BC,δ15N coll_δ13C carb,inf,inf
combination_1_ABCD,B,15,HybridKNN_RF,BC,δ15N coll_δ13C carb,inf,inf
combination_1_ABCD,B,15,KNN,BD,δ15N coll_δ18O carb,inf,inf
combination_1_ABCD,B,15,SVM,BD,δ15N coll_δ18O carb,inf,inf
combination_1_ABCD,B,15,RandomForest,BD,δ15N coll_δ18O carb,inf,inf
combination_1_ABCD,B,15,RandomForest_MICE,BD,δ15N coll_δ18O carb,inf,inf
combination_1_ABCD,B,15,HybridKNN_RF,BD,δ15N coll_δ18O carb,inf,inf
combination_1_ABCD,B,15,KNN,ABC,δ13C coll_δ15N coll_δ13C carb,inf,inf
combination_1_ABCD,B,15,SVM,ABC,δ13C coll_δ15N coll_δ13C carb,inf,inf
combination_1_ABCD,B,15,RandomForest,ABC,δ13C coll_δ15N coll_δ13C carb,inf,inf
combination_1_ABCD,B,15,RandomForest_MICE,ABC,δ13C coll_δ15N coll_δ13C carb,inf,inf
combination_1_ABCD,B,15,HybridKNN_RF,ABC,δ13C coll_δ15N coll_δ13C carb,inf,inf
combination_1_ABCD,B,15,KNN,ABD,δ13C coll_δ15N coll_δ18O carb,inf,inf
combination_1_ABCD,B,15,SVM,ABD,δ13C coll_δ15N coll_δ18O carb,inf,inf
combination_1_ABCD,B,15,RandomForest,ABD,δ13C coll_δ15N coll_δ18O carb,inf,inf
combination_1_ABCD,B,15,RandomForest_MICE,ABD,δ13C coll_δ15N coll_δ18O carb,inf,inf
combination_1_ABCD,B,15,HybridKNN_RF,ABD,δ13C coll_δ15N coll_δ18O carb,inf,inf
combination_1_ABCD,B,15,KNN,BCD,δ15N coll_δ13C carb_δ18O carb,inf,inf
combination_1_ABCD,B,15,SVM,BCD,δ15N coll_δ13C carb_δ18O carb,inf,inf
combination_1_ABCD,B,15,RandomForest,BCD,δ15N coll_δ13C carb_δ18O carb,inf,inf
combination_1_ABCD,B,15,RandomForest_MICE,BCD,δ15N coll_δ13C carb_δ18O carb,inf,inf
combination_1_ABCD,B,15,HybridKNN_RF,BCD,δ15N coll_δ13C carb_δ18O carb,inf,inf
combination_1_ABCD,B,15,KNN,ABCD,δ13C coll_δ15N coll_δ13C carb_δ18O carb,inf,inf
combination_1_ABCD,B,15,SVM,ABCD,δ13C coll_δ15N coll_δ13C carb_δ18O carb,inf,inf
combination_1_ABCD,B,15,RandomForest,ABCD,δ13C coll_δ15N coll_δ13C carb_δ18O carb,inf,inf
combination_1_ABCD,B,15,RandomForest_MICE,ABCD,δ13C coll_δ15N coll_δ13C carb_δ18O carb,inf,inf
combination_1_ABCD,B,15,HybridKNN_RF,ABCD,δ13C coll_δ15N coll_δ13C carb_δ18O carb,inf,inf
combination_1_ABCD,B,20,KNN,B,δ15N coll,inf,inf
combination_1_ABCD,B,20,SVM,B,δ15N coll,inf,inf
combination_1_ABCD,B,20,RandomForest,B,δ15N coll,inf,inf
combination_1_ABCD,B,20,RandomForest_MICE,B,δ15N coll,inf,inf
combination_1_ABCD,B,20,HybridKNN_RF,B,δ15N coll,inf,inf
combination_1_ABCD,B,20,KNN,AB,δ13C coll_δ15N coll,inf,inf
combination_1_ABCD,B,20,SVM,AB,δ13C coll_δ15N coll,inf,inf
combination_1_ABCD,B,20,RandomForest,AB,δ13C coll_δ15N coll,inf,inf
combination_1_ABCD,B,20,RandomForest_MICE,AB,δ13C coll_δ15N coll,inf,inf
combination_1_ABCD,B,20,HybridKNN_RF,AB,δ13C coll_δ15N coll,inf,inf
combination_1_ABCD,B,20,KNN,BC,δ15N coll_δ13C carb,inf,inf
combination_1_ABCD,B,20,SVM,BC,δ15N coll_δ13C carb,inf,inf
combination_1_ABCD,B,20,RandomForest,BC,δ15N coll_δ13C carb,inf,inf
combination_1_ABCD,B,20,RandomForest_MICE,BC,δ15N coll_δ13C carb,inf,inf
combination_1_ABCD,B,20,HybridKNN_RF,BC,δ15N coll_δ13C carb,inf,inf
combination_1_ABCD,B,20,KNN,BD,δ15N coll_δ18O carb,inf,inf
combination_1_ABCD,B,20,SVM,BD,δ15N coll_δ18O carb,inf,inf
combination_1_ABCD,B,20,RandomForest,BD,δ15N coll_δ18O carb,inf,inf
combination_1_ABCD,B,20,RandomForest_MICE,BD,δ15N coll_δ18O carb,inf,inf
combination_1_ABCD,B,20,HybridKNN_RF,BD,δ15N coll_δ18O carb,inf,inf
combination_1_ABCD,B,20,KNN,ABC,δ13C coll_δ15N coll_δ13C carb,inf,inf
combination_1_ABCD,B,20,SVM,ABC,δ13C coll_δ15N coll_δ13C carb,inf,inf
combination_1_ABCD,B,20,RandomForest,ABC,δ13C coll_δ15N coll_δ13C carb,inf,inf
combination_1_ABCD,B,20,RandomForest_MICE,ABC,δ13C coll_δ15N coll_δ13C carb,inf,inf
combination_1_ABCD,B,20,HybridKNN_RF,ABC,δ13C coll_δ15N coll_δ13C carb,inf,inf
combination_1_ABCD,B,20,KNN,ABD,δ13C coll_δ15N coll_δ18O carb,inf,inf
combination_1_ABCD,B,20,SVM,ABD,δ13C coll_δ15N coll_δ18O carb,inf,inf
combination_1_ABCD,B,20,RandomForest,ABD,δ13C coll_δ15N coll_δ18O carb,inf,inf
combination_1_ABCD,B,20,RandomForest_MICE,ABD,δ13C coll_δ15N coll_δ18O carb,inf,inf
combination_1_ABCD,B,20,HybridKNN_RF,ABD,δ13C coll_δ15N coll_δ18O carb,inf,inf
combination_1_ABCD,B,20,KNN,BCD,δ15N coll_δ13C carb_δ18O carb,inf,inf
combination_1_ABCD,B,20,SVM,BCD,δ15N coll_δ13C carb_δ18O carb,inf,inf
combination_1_ABCD,B,20,RandomForest,BCD,δ15N coll_δ13C carb_δ18O carb,inf,inf
combination_1_ABCD,B,20,RandomForest_MICE,BCD,δ15N coll_δ13C carb_δ18O carb,inf,inf
combination_1_ABCD,B,20,HybridKNN_RF,BCD,δ15N coll_δ13C carb_δ18O carb,inf,inf
combination_1_ABCD,B,20,KNN,ABCD,δ13C coll_δ15N coll_δ13C carb_δ18O carb,inf,inf
combination_1_ABCD,B,20,SVM,ABCD,δ13C coll_δ15N coll_δ13C carb_δ18O carb,inf,inf
combination_1_ABCD,B,20,RandomForest,ABCD,δ13C coll_δ15N coll_δ13C carb_δ18O carb,inf,inf
combination_1_ABCD,B,20,RandomForest_MICE,ABCD,δ13C coll_δ15N coll_δ13C carb_δ18O carb,inf,inf
combination_1_ABCD,B,20,HybridKNN_RF,ABCD,δ13C coll_δ15N coll_δ13C carb_δ18O carb,inf,inf
combination_1_ABCD,C,10,KNN,C,δ13C carb,inf,inf
combination_1_ABCD,C,10,SVM,C,δ13C carb,inf,inf
combination_1_ABCD,C,10,RandomForest,C,δ13C carb,inf,inf
combination_1_ABCD,C,10,RandomForest_MICE,C,δ13C carb,inf,inf
combination_1_ABCD,C,10,HybridKNN_RF,C,δ13C carb,inf,inf
combination_1_ABCD,C,10,KNN,AC,δ13C coll_δ13C carb,inf,inf
combination_1_ABCD,C,10,SVM,AC,δ13C coll_δ13C carb,inf,inf
combination_1_ABCD,C,10,RandomForest,AC,δ13C coll_δ13C carb,inf,inf
combination_1_ABCD,C,10,RandomForest_MICE,AC,δ13C coll_δ13C carb,inf,inf
combination_1_ABCD,C,10,HybridKNN_RF,AC,δ13C coll_δ13C carb,inf,inf
combination_1_ABCD,C,10,KNN,BC,δ15N coll_δ13C carb,inf,inf
combination_1_ABCD,C,10,SVM,BC,δ15N coll_δ13C carb,inf,inf
combination_1_ABCD,C,10,RandomForest,BC,δ15N coll_δ13C carb,inf,inf
combination_1_ABCD,C,10,RandomForest_MICE,BC,δ15N coll_δ13C carb,inf,inf
combination_1_ABCD,C,10,HybridKNN_RF,BC,δ15N coll_δ13C carb,inf,inf
combination_1_ABCD,C,10,KNN,CD,δ13C carb_δ18O carb,inf,inf
combination_1_ABCD,C,10,SVM,CD,δ13C carb_δ18O carb,inf,inf
combination_1_ABCD,C,10,RandomForest,CD,δ13C carb_δ18O carb,inf,inf
combination_1_ABCD,C,10,RandomForest_MICE,CD,δ13C carb_δ18O carb,inf,inf
combination_1_ABCD,C,10,HybridKNN_RF,CD,δ13C carb_δ18O carb,inf,inf
combination_1_ABCD,C,10,KNN,ABC,δ13C coll_δ15N coll_δ13C carb,inf,inf
combination_1_ABCD,C,10,SVM,ABC,δ13C coll_δ15N coll_δ13C carb,inf,inf
combination_1_ABCD,C,10,RandomForest,ABC,δ13C coll_δ15N coll_δ13C carb,inf,inf
combination_1_ABCD,C,10,RandomForest_MICE,ABC,δ13C coll_δ15N coll_δ13C carb,inf,inf
combination_1_ABCD,C,10,HybridKNN_RF,ABC,δ13C coll_δ15N coll_δ13C carb,inf,inf
combination_1_ABCD,C,10,KNN,ACD,δ13C coll_δ13C carb_δ18O carb,inf,inf
combination_1_ABCD,C,10,SVM,ACD,δ13C coll_δ13C carb_δ18O carb,inf,inf
combination_1_ABCD,C,10,RandomForest,ACD,δ13C coll_δ13C carb_δ18O carb,inf,inf
combination_1_ABCD,C,10,RandomForest_MICE,ACD,δ13C coll_δ13C carb_δ18O carb,inf,inf
combination_1_ABCD,C,10,HybridKNN_RF,ACD,δ13C coll_δ13C carb_δ18O carb,inf,inf
combination_1_ABCD,C,10,KNN,BCD,δ15N coll_δ13C carb_δ18O carb,inf,inf
combination_1_ABCD,C,10,SVM,BCD,δ15N coll_δ13C carb_δ18O carb,inf,inf
combination_1_ABCD,C,10,RandomForest,BCD,δ15N coll_δ13C carb_δ18O carb,inf,inf
combination_1_ABCD,C,10,RandomForest_MICE,BCD,δ15N coll_δ13C carb_δ18O carb,inf,inf
combination_1_ABCD,C,10,HybridKNN_RF,BCD,δ15N coll_δ13C carb_δ18O carb,inf,inf
combination_1_ABCD,C,10,KNN,ABCD,δ13C coll_δ15N coll_δ13C carb_δ18O carb,inf,inf
combination_1_ABCD,C,10,SVM,ABCD,δ13C coll_δ15N coll_δ13C carb_δ18O carb,inf,inf
combination_1_ABCD,C,10,RandomForest,ABCD,δ13C coll_δ15N coll_δ13C carb_δ18O carb,inf,inf
combination_1_ABCD,C,10,RandomForest_MICE,ABCD,δ13C coll_δ15N coll_δ13C carb_δ18O carb,inf,inf
combination_1_ABCD,C,10,HybridKNN_RF,ABCD,δ13C coll_δ15N coll_δ13C carb_δ18O carb,inf,inf
combination_1_ABCD,C,15,KNN,C,δ13C carb,inf,inf
combination_1_ABCD,C,15,SVM,C,δ13C carb,inf,inf
combination_1_ABCD,C,15,RandomForest,C,δ13C carb,inf,inf
combination_1_ABCD,C,15,RandomForest_MICE,C,δ13C carb,inf,inf
combination_1_ABCD,C,15,HybridKNN_RF,C,δ13C carb,inf,inf
combination_1_ABCD,C,15,KNN,AC,δ13C coll_δ13C carb,inf,inf
combination_1_ABCD,C,15,SVM,AC,δ13C coll_δ13C carb,inf,inf
combination_1_ABCD,C,15,RandomForest,AC,δ13C coll_δ13C carb,inf,inf
combination_1_ABCD,C,15,RandomForest_MICE,AC,δ13C coll_δ13C carb,inf,inf
combination_1_ABCD,C,15,HybridKNN_RF,AC,δ13C coll_δ13C carb,inf,inf
combination_1_ABCD,C,15,KNN,BC,δ15N coll_δ13C carb,inf,inf
combination_1_ABCD,C,15,SVM,BC,δ15N coll_δ13C carb,inf,inf
combination_1_ABCD,C,15,RandomForest,BC,δ15N coll_δ13C carb,inf,inf
combination_1_ABCD,C,15,RandomForest_MICE,BC,δ15N coll_δ13C carb,inf,inf
combination_1_ABCD,C,15,HybridKNN_RF,BC,δ15N coll_δ13C carb,inf,inf
combination_1_ABCD,C,15,KNN,CD,δ13C carb_δ18O carb,inf,inf
combination_1_ABCD,C,15,SVM,CD,δ13C carb_δ18O carb,inf,inf
combination_1_ABCD,C,15,RandomForest,CD,δ13C carb_δ18O carb,inf,inf
combination_1_ABCD,C,15,RandomForest_MICE,CD,δ13C carb_δ18O carb,inf,inf
combination_1_ABCD,C,15,HybridKNN_RF,CD,δ13C carb_δ18O carb,inf,inf
combination_1_ABCD,C,15,KNN,ABC,δ13C coll_δ15N coll_δ13C carb,inf,inf
combination_1_ABCD,C,15,SVM,ABC,δ13C coll_δ15N coll_δ13C carb,inf,inf
combination_1_ABCD,C,15,RandomForest,ABC,δ13C coll_δ15N coll_δ13C carb,inf,inf
combination_1_ABCD,C,15,RandomForest_MICE,ABC,δ13C coll_δ15N coll_δ13C carb,inf,inf
combination_1_ABCD,C,15,HybridKNN_RF,ABC,δ13C coll_δ15N coll_δ13C carb,inf,inf
combination_1_ABCD,C,15,KNN,ACD,δ13C coll_δ13C carb_δ18O carb,inf,inf
combination_1_ABCD,C,15,SVM,ACD,δ13C coll_δ13C carb_δ18O carb,inf,inf
combination_1_ABCD,C,15,RandomForest,ACD,δ13C coll_δ13C carb_δ18O carb,inf,inf
combination_1_ABCD,C,15,RandomForest_MICE,ACD,δ13C coll_δ13C carb_δ18O carb,inf,inf
combination_1_ABCD,C,15,HybridKNN_RF,ACD,δ13C coll_δ13C carb_δ18O carb,inf,inf
combination_1_ABCD,C,15,KNN,BCD,δ15N coll_δ13C carb_δ18O carb,inf,inf
combination_1_ABCD,C,15,SVM,BCD,δ15N coll_δ13C carb_δ18O carb,inf,inf
combination_1_ABCD,C,15,RandomForest,BCD,δ15N coll_δ13C carb_δ18O carb,inf,inf
combination_1_ABCD,C,15,RandomForest_MICE,BCD,δ15N coll_δ13C carb_δ18O carb,inf,inf
combination_1_ABCD,C,15,HybridKNN_RF,BCD,δ15N coll_δ13C carb_δ18O carb,inf,inf
combination_1_ABCD,C,15,KNN,ABCD,δ13C coll_δ15N coll_δ13C carb_δ18O carb,inf,inf
combination_1_ABCD,C,15,SVM,ABCD,δ13C coll_δ15N coll_δ13C carb_δ18O carb,inf,inf
combination_1_ABCD,C,15,RandomForest,ABCD,δ13C coll_δ15N coll_δ13C carb_δ18O carb,inf,inf
combination_1_ABCD,C,15,RandomForest_MICE,ABCD,δ13C coll_δ15N coll_δ13C carb_δ18O carb,inf,inf
combination_1_ABCD,C,15,HybridKNN_RF,ABCD,δ13C coll_δ15N coll_δ13C carb_δ18O carb,inf,inf
combination_1_ABCD,C,20,KNN,C,δ13C carb,inf,inf
combination_1_ABCD,C,20,SVM,C,δ13C carb,inf,inf
combination_1_ABCD,C,20,RandomForest,C,δ13C carb,inf,inf
combination_1_ABCD,C,20,RandomForest_MICE,C,δ13C carb,inf,inf
combination_1_ABCD,C,20,HybridKNN_RF,C,δ13C carb,inf,inf
combination_1_ABCD,C,20,KNN,AC,δ13C coll_δ13C carb,inf,inf
combination_1_ABCD,C,20,SVM,AC,δ13C coll_δ13C carb,inf,inf
combination_1_ABCD,C,20,RandomForest,AC,δ13C coll_δ13C carb,inf,inf
combination_1_ABCD,C,20,RandomForest_MICE,AC,δ13C coll_δ13C carb,inf,inf
combination_1_ABCD,C,20,HybridKNN_RF,AC,δ13C coll_δ13C carb,inf,inf
combination_1_ABCD,C,20,KNN,BC,δ15N coll_δ13C carb,inf,inf
combination_1_ABCD,C,20,SVM,BC,δ15N coll_δ13C carb,inf,inf
combination_1_ABCD,C,20,RandomForest,BC,δ15N coll_δ13C carb,inf,inf
combination_1_ABCD,C,20,RandomForest_MICE,BC,δ15N coll_δ13C carb,inf,inf
combination_1_ABCD,C,20,HybridKNN_RF,BC,δ15N coll_δ13C carb,inf,inf
combination_1_ABCD,C,20,KNN,CD,δ13C carb_δ18O carb,inf,inf
combination_1_ABCD,C,20,SVM,CD,δ13C carb_δ18O carb,inf,inf
combination_1_ABCD,C,20,RandomForest,CD,δ13C carb_δ18O carb,inf,inf
combination_1_ABCD,C,20,RandomForest_MICE,CD,δ13C carb_δ18O carb,inf,inf
combination_1_ABCD,C,20,HybridKNN_RF,CD,δ13C carb_δ18O carb,inf,inf
combination_1_ABCD,C,20,KNN,ABC,δ13C coll_δ15N coll_δ13C carb,inf,inf
combination_1_ABCD,C,20,SVM,ABC,δ13C coll_δ15N coll_δ13C carb,inf,inf
combination_1_ABCD,C,20,RandomForest,ABC,δ13C coll_δ15N coll_δ13C carb,inf,inf
combination_1_ABCD,C,20,RandomForest_MICE,ABC,δ13C coll_δ15N coll_δ13C carb,inf,inf
combination_1_ABCD,C,20,HybridKNN_RF,ABC,δ13C coll_δ15N coll_δ13C carb,inf,inf
combination_1_ABCD,C,20,KNN,ACD,δ13C coll_δ13C carb_δ18O carb,inf,inf
combination_1_ABCD,C,20,SVM,ACD,δ13C coll_δ13C carb_δ18O carb,inf,inf
combination_1_ABCD,C,20,RandomForest,ACD,δ13C coll_δ13C carb_δ18O carb,inf,inf
combination_1_ABCD,C,20,RandomForest_MICE,ACD,δ13C coll_δ13C carb_δ18O carb,inf,inf
combination_1_ABCD,C,20,HybridKNN_RF,ACD,δ13C coll_δ13C carb_δ18O carb,inf,inf
combination_1_ABCD,C,20,KNN,BCD,δ15N coll_δ13C carb_δ18O carb,inf,inf
combination_1_ABCD,C,20,SVM,BCD,δ15N coll_δ13C carb_δ18O carb,inf,inf
combination_1_ABCD,C,20,RandomForest,BCD,δ15N coll_δ13C carb_δ18O carb,inf,inf
combination_1_ABCD,C,20,RandomForest_MICE,BCD,δ15N coll_δ13C carb_δ18O carb,inf,inf
combination_1_ABCD,C,20,HybridKNN_RF,BCD,δ15N coll_δ13C carb_δ18O carb,inf,inf
combination_1_ABCD,C,20,KNN,ABCD,δ13C coll_δ15N coll_δ13C carb_δ18O carb,inf,inf
combination_1_ABCD,C,20,SVM,ABCD,δ13C coll_δ15N coll_δ13C carb_δ18O carb,inf,inf
combination_1_ABCD,C,20,RandomForest,ABCD,δ13C coll_δ15N coll_δ13C carb_δ18O carb,inf,inf
combination_1_ABCD,C,20,RandomForest_MICE,ABCD,δ13C coll_δ15N coll_δ13C carb_δ18O carb,inf,inf
combination_1_ABCD,C,20,HybridKNN_RF,ABCD,δ13C coll_δ15N coll_δ13C carb_δ18O carb,inf,inf
combination_1_ABCD,D,10,KNN,D,δ18O carb,inf,inf
combination_1_ABCD,D,10,SVM,D,δ18O carb,inf,inf
combination_1_ABCD,D,10,RandomForest,D,δ18O carb,inf,inf
combination_1_ABCD,D,10,RandomForest_MICE,D,δ18O carb,inf,inf
combination_1_ABCD,D,10,HybridKNN_RF,D,δ18O carb,inf,inf
combination_1_ABCD,D,10,KNN,AD,δ13C coll_δ18O carb,inf,inf
combination_1_ABCD,D,10,SVM,AD,δ13C coll_δ18O carb,inf,inf
combination_1_ABCD,D,10,RandomForest,AD,δ13C coll_δ18O carb,inf,inf
combination_1_ABCD,D,10,RandomForest_MICE,AD,δ13C coll_δ18O carb,inf,inf
combination_1_ABCD,D,10,HybridKNN_RF,AD,δ13C coll_δ18O carb,inf,inf
combination_1_ABCD,D,10,KNN,BD,δ15N coll_δ18O carb,inf,inf
combination_1_ABCD,D,10,SVM,BD,δ15N coll_δ18O carb,inf,inf
combination_1_ABCD,D,10,RandomForest,BD,δ15N coll_δ18O carb,inf,inf
combination_1_ABCD,D,10,RandomForest_MICE,BD,δ15N coll_δ18O carb,inf,inf
combination_1_ABCD,D,10,HybridKNN_RF,BD,δ15N coll_δ18O carb,inf,inf
combination_1_ABCD,D,10,KNN,CD,δ13C carb_δ18O carb,inf,inf
combination_1_ABCD,D,10,SVM,CD,δ13C carb_δ18O carb,inf,inf
combination_1_ABCD,D,10,RandomForest,CD,δ13C carb_δ18O carb,inf,inf
combination_1_ABCD,D,10,RandomForest_MICE,CD,δ13C carb_δ18O carb,inf,inf
combination_1_ABCD,D,10,HybridKNN_RF,CD,δ13C carb_δ18O carb,inf,inf
combination_1_ABCD,D,10,KNN,ABD,δ13C coll_δ15N coll_δ18O carb,inf,inf
combination_1_ABCD,D,10,SVM,ABD,δ13C coll_δ15N coll_δ18O carb,inf,inf
combination_1_ABCD,D,10,RandomForest,ABD,δ13C coll_δ15N coll_δ18O carb,inf,inf
combination_1_ABCD,D,10,RandomForest_MICE,ABD,δ13C coll_δ15N coll_δ18O carb,inf,inf
combination_1_ABCD,D,10,HybridKNN_RF,ABD,δ13C coll_δ15N coll_δ18O carb,inf,inf
combination_1_ABCD,D,10,KNN,ACD,δ13C coll_δ13C carb_δ18O carb,inf,inf
combination_1_ABCD,D,10,SVM,ACD,δ13C coll_δ13C carb_δ18O carb,inf,inf
combination_1_ABCD,D,10,RandomForest,ACD,δ13C coll_δ13C carb_δ18O carb,inf,inf
combination_1_ABCD,D,10,RandomForest_MICE,ACD,δ13C coll_δ13C carb_δ18O carb,inf,inf
combination_1_ABCD,D,10,HybridKNN_RF,ACD,δ13C coll_δ13C carb_δ18O carb,inf,inf
combination_1_ABCD,D,10,KNN,BCD,δ15N coll_δ13C carb_δ18O carb,inf,inf
combination_1_ABCD,D,10,SVM,BCD,δ15N coll_δ13C carb_δ18O carb,inf,inf
combination_1_ABCD,D,10,RandomForest,BCD,δ15N coll_δ13C carb_δ18O carb,inf,inf
combination_1_ABCD,D,10,RandomForest_MICE,BCD,δ15N coll_δ13C carb_δ18O carb,inf,inf
combination_1_ABCD,D,10,HybridKNN_RF,BCD,δ15N coll_δ13C carb_δ18O carb,inf,inf
combination_1_ABCD,D,10,KNN,ABCD,δ13C coll_δ15N coll_δ13C carb_δ18O carb,inf,inf
combination_1_ABCD,D,10,SVM,ABCD,δ13C coll_δ15N coll_δ13C carb_δ18O carb,inf,inf
combination_1_ABCD,D,10,RandomForest,ABCD,δ13C coll_δ15N coll_δ13C carb_δ18O carb,inf,inf
combination_1_ABCD,D,10,RandomForest_MICE,ABCD,δ13C coll_δ15N coll_δ13C carb_δ18O carb,inf,inf
combination_1_ABCD,D,10,HybridKNN_RF,ABCD,δ13C coll_δ15N coll_δ13C carb_δ18O carb,inf,inf
combination_1_ABCD,D,15,KNN,D,δ18O carb,inf,inf
combination_1_ABCD,D,15,SVM,D,δ18O carb,inf,inf
combination_1_ABCD,D,15,RandomForest,D,δ18O carb,inf,inf
combination_1_ABCD,D,15,RandomForest_MICE,D,δ18O carb,inf,inf
combination_1_ABCD,D,15,HybridKNN_RF,D,δ18O carb,inf,inf
combination_1_ABCD,D,15,KNN,AD,δ13C coll_δ18O carb,inf,inf
combination_1_ABCD,D,15,SVM,AD,δ13C coll_δ18O carb,inf,inf
combination_1_ABCD,D,15,RandomForest,AD,δ13C coll_δ18O carb,inf,inf
combination_1_ABCD,D,15,RandomForest_MICE,AD,δ13C coll_δ18O carb,inf,inf
combination_1_ABCD,D,15,HybridKNN_RF,AD,δ13C coll_δ18O carb,inf,inf
combination_1_ABCD,D,15,KNN,BD,δ15N coll_δ18O carb,inf,inf
combination_1_ABCD,D,15,SVM,BD,δ15N coll_δ18O carb,inf,inf
combination_1_ABCD,D,15,RandomForest,BD,δ15N coll_δ18O carb,inf,inf
combination_1_ABCD,D,15,RandomForest_MICE,BD,δ15N coll_δ18O carb,inf,inf
combination_1_ABCD,D,15,HybridKNN_RF,BD,δ15N coll_δ18O carb,inf,inf
combination_1_ABCD,D,15,KNN,CD,δ13C carb_δ18O carb,inf,inf
combination_1_ABCD,D,15,SVM,CD,δ13C carb_δ18O carb,inf,inf
combination_1_ABCD,D,15,RandomForest,CD,δ13C carb_δ18O carb,inf,inf
combination_1_ABCD,D,15,RandomForest_MICE,CD,δ13C carb_δ18O carb,inf,inf
combination_1_ABCD,D,15,HybridKNN_RF,CD,δ13C carb_δ18O carb,inf,inf
combination_1_ABCD,D,15,KNN,ABD,δ13C coll_δ15N coll_δ18O carb,inf,inf
combination_1_ABCD,D,15,SVM,ABD,δ13C coll_δ15N coll_δ18O carb,inf,inf
combination_1_ABCD,D,15,RandomForest,ABD,δ13C coll_δ15N coll_δ18O carb,inf,inf
combination_1_ABCD,D,15,RandomForest_MICE,ABD,δ13C coll_δ15N coll_δ18O carb,inf,inf
combination_1_ABCD,D,15,HybridKNN_RF,ABD,δ13C coll_δ15N coll_δ18O carb,inf,inf
combination_1_ABCD,D,15,KNN,ACD,δ13C coll_δ13C carb_δ18O carb,inf,inf
combination_1_ABCD,D,15,SVM,ACD,δ13C coll_δ13C carb_δ18O carb,inf,inf
combination_1_ABCD,D,15,RandomForest,ACD,δ13C coll_δ13C carb_δ18O carb,inf,inf
combination_1_ABCD,D,15,RandomForest_MICE,ACD,δ13C coll_δ13C carb_δ18O carb,inf,inf
combination_1_ABCD,D,15,HybridKNN_RF,ACD,δ13C coll_δ13C carb_δ18O carb,inf,inf
combination_1_ABCD,D,15,KNN,BCD,δ15N coll_δ13C carb_δ18O carb,inf,inf
combination_1_ABCD,D,15,SVM,BCD,δ15N coll_δ13C carb_δ18O carb,inf,inf
combination_1_ABCD,D,15,RandomForest,BCD,δ15N coll_δ13C carb_δ18O carb,inf,inf
combination_1_ABCD,D,15,RandomForest_MICE,BCD,δ15N coll_δ13C carb_δ18O carb,inf,inf
combination_1_ABCD,D,15,HybridKNN_RF,BCD,δ15N coll_δ13C carb_δ18O carb,inf,inf
combination_1_ABCD,D,15,KNN,ABCD,δ13C coll_δ15N coll_δ13C carb_δ18O carb,inf,inf
combination_1_ABCD,D,15,SVM,ABCD,δ13C coll_δ15N coll_δ13C carb_δ18O carb,inf,inf
combination_1_ABCD,D,15,RandomForest,ABCD,δ13C coll_δ15N coll_δ13C carb_δ18O carb,inf,inf
combination_1_ABCD,D,15,RandomForest_MICE,ABCD,δ13C coll_δ15N coll_δ13C carb_δ18O carb,inf,inf
combination_1_ABCD,D,15,HybridKNN_RF,ABCD,δ13C coll_δ15N coll_δ13C carb_δ18O carb,inf,inf
combination_1_ABCD,D,20,KNN,D,δ18O carb,inf,inf
combination_1_ABCD,D,20,SVM,D,δ18O carb,inf,inf
combination_1_ABCD,D,20,RandomForest,D,δ18O carb,inf,inf
combination_1_ABCD,D,20,RandomForest_MICE,D,δ18O carb,inf,inf
combination_1_ABCD,D,20,HybridKNN_RF,D,δ18O carb,inf,inf
combination_1_ABCD,D,20,KNN,AD,δ13C coll_δ18O carb,inf,inf
combination_1_ABCD,D,20,SVM,AD,δ13C coll_δ18O carb,inf,inf
combination_1_ABCD,D,20,RandomForest,AD,δ13C coll_δ18O carb,inf,inf
combination_1_ABCD,D,20,RandomForest_MICE,AD,δ13C coll_δ18O carb,inf,inf
combination_1_ABCD,D,20,HybridKNN_RF,AD,δ13C coll_δ18O carb,inf,inf
combination_1_ABCD,D,20,KNN,BD,δ15N coll_δ18O carb,inf,inf
combination_1_ABCD,D,20,SVM,BD,δ15N coll_δ18O carb,inf,inf
combination_1_ABCD,D,20,RandomForest,BD,δ15N coll_δ18O carb,inf,inf
combination_1_ABCD,D,20,RandomForest_MICE,BD,δ15N coll_δ18O carb,inf,inf
combination_1_ABCD,D,20,HybridKNN_RF,BD,δ15N coll_δ18O carb,inf,inf
combination_1_ABCD,D,20,KNN,CD,δ13C carb_δ18O carb,inf,inf
combination_1_ABCD,D,20,SVM,CD,δ13C carb_δ18O carb,inf,inf
combination_1_ABCD,D,20,RandomForest,CD,δ13C carb_δ18O carb,inf,inf
combination_1_ABCD,D,20,RandomForest_MICE,CD,δ13C carb_δ18O carb,inf,inf
combination_1_ABCD,D,20,HybridKNN_RF,CD,δ13C carb_δ18O carb,inf,inf
combination_1_ABCD,D,20,KNN,ABD,δ13C coll_δ15N coll_δ18O carb,inf,inf
combination_1_ABCD,D,20,SVM,ABD,δ13C coll_δ15N coll_δ18O carb,inf,inf
combination_1_ABCD,D,20,RandomForest,ABD,δ13C coll_δ15N coll_δ18O carb,inf,inf
combination_1_ABCD,D,20,RandomForest_MICE,ABD,δ13C coll_δ15N coll_δ18O carb,inf,inf
combination_1_ABCD,D,20,HybridKNN_RF,ABD,δ13C coll_δ15N coll_δ18O carb,inf,inf
combination_1_ABCD,D,20,KNN,ACD,δ13C coll_δ13C carb_δ18O carb,inf,inf
combination_1_ABCD,D,20,SVM,ACD,δ13C coll_δ13C carb_δ18O carb,inf,inf
combination_1_ABCD,D,20,RandomForest,ACD,δ13C coll_δ13C carb_δ18O carb,inf,inf
combination_1_ABCD,D,20,RandomForest_MICE,ACD,δ13C coll_δ13C carb_δ18O carb,inf,inf
combination_1_ABCD,D,20,HybridKNN_RF,ACD,δ13C coll_δ13C carb_δ18O carb,inf,inf
combination_1_ABCD,D,20,KNN,BCD,δ15N coll_δ13C carb_δ18O carb,inf,inf
combination_1_ABCD,D,20,SVM,BCD,δ15N coll_δ13C carb_δ18O carb,inf,inf
combination_1_ABCD,D,20,RandomForest,BCD,δ15N coll_δ13C carb_δ18O carb,inf,inf
combination_1_ABCD,D,20,RandomForest_MICE,BCD,δ15N coll_δ13C carb_δ18O carb,inf,inf
combination_1_ABCD,D,20,HybridKNN_RF,BCD,δ15N coll_δ13C carb_δ18O carb,inf,inf
combination_1_ABCD,D,20,KNN,ABCD,δ13C coll_δ15N coll_δ13C carb_δ18O carb,inf,inf
combination_1_ABCD,D,20,SVM,ABCD,δ13C coll_δ15N coll_δ13C carb_δ18O carb,inf,inf
combination_1_ABCD,D,20,RandomForest,ABCD,δ13C coll_δ15N coll_δ13C carb_δ18O carb,inf,inf
combination_1_ABCD,D,20,RandomForest_MICE,ABCD,δ13C coll_δ15N coll_δ13C carb_δ18O carb,inf,inf
combination_1_ABCD,D,20,HybridKNN_RF,ABCD,δ13C coll_δ15N coll_δ13C carb_δ18O carb,inf,inf
